{"cameraMode":{"drawMode":0,"name":"Shaded","section":"Shading Mode"},"sceneLighting":false,"audioPlay":false,"sceneViewState":{"showFog":true,"showMaterialUpdate":false,"showSkybox":false,"showFlares":true,"showImageEffects":true,"showParticleSystems":true},"in2DMode":false,"pivot":{"x":0.0,"y":0.30383867025375368,"z":-0.007980287075042725},"rotation":{"x":0.06859000772237778,"y":0.10158729553222656,"z":-0.007011745125055313,"w":0.9924662709236145},"size":3.397643566131592,"orthographic":false}