{"cameraMode":{"drawMode":0,"name":"Shaded","section":"Shading Mode"},"sceneLighting":false,"audioPlay":false,"sceneViewState":{"showFog":true,"showMaterialUpdate":false,"showSkybox":false,"showFlares":true,"showImageEffects":true,"showParticleSystems":true},"in2DMode":false,"pivot":{"x":58.800018310546878,"y":91.12432098388672,"z":0.0},"rotation":{"x":-0.09702300280332566,"y":-0.025955084711313249,"z":0.002554393606260419,"w":-0.9950239062309265},"size":131.9276885986328,"orthographic":false}