{"cameraMode":{"drawMode":0,"name":"Shaded","section":"Shading Mode"},"sceneLighting":false,"audioPlay":false,"sceneViewState":{"showFog":true,"showMaterialUpdate":false,"showSkybox":false,"showFlares":true,"showImageEffects":true,"showParticleSystems":true},"in2DMode":false,"pivot":{"x":1373.300048828125,"y":211.5899658203125,"z":0.0},"rotation":{"x":0.20117118954658509,"y":-0.11577057093381882,"z":0.023966124281287195,"w":0.972423791885376},"size":311.19244384765627,"orthographic":false}